Experiment,CollectionDate,DOMSource,BlankOrSample,DayOfExperiment,Replicate,unique_ID,unique,ss240.600,ss275.295,ss350.400,Sr,e2e3,e4e6,a254,a300,a350,a440,e450,e500,FI,HIX,HIX.norm,Fresh,A.T,C.A,C.M,C.T,BIX,RFE,TI,RI_cory
Enrichment experiment,2022-07-12,Chlorella,T0,0,1,ChlorellaTO12July_processed_abs_coefficients,ChlorellaTO12July,-0.041158976,0.00975737,-0.090617488,-0.107676452,113.6680303,3758.574735,40.18508643,6.050755065,0.772776266,0.019023628,0.36318,0.46968,0.773249872,1.206282531,0.546748893,0.55234976,NaN,NaN,1.681303749,NaN,0.594260015,1.342805755,1.415024444,NaN
Enrichment experiment,2022-07-12,ES,T0,0,1,ESTO12July_processed_abs_coefficients,ESTO12July,-0.029978804,0.005415992,-0.034546593,-0.156773537,31.42370237,401.7221986,58.37061902,14.69912076,3.283294961,0.221076854,1.8749,1.5989,1.172618675,5.558499531,0.8475261,0.576055644,5.799852107,0.620325117,0.86468541,3.597793936,0.616393908,1.060868167,1.475272222,NaN
Enrichment experiment,2022-07-12,SRFA,T0,0,1,SRFATO12July_processed_abs_coefficients,SRFATO12July,-0.023559569,-0.000822123,-0.022848879,0.035980891,15.01951626,111.2648958,71.80113992,24.29231819,7.479618026,0.897466497,2.3213,2.1486,1.080377921,7.167815271,0.87756824,0.357733072,11.41429346,0.475234729,1.448822063,5.424468662,0.357733072,0.542811066,0.556424444,0.202177953
Enrichment experiment,2022-07-26,Chlorella,medium blank,14,1,ChlorellaMediumBlank12July_processed_abs_coefficients,ChlorellaMediumBlank12July,-0.005672618,-0.008205862,-0.004883692,1.680257863,1.920049738,3.109691846,11.58586389,8.924901477,6.720848286,4.033678518,0.52087,0.3886,1.340375708,0.385806471,0.27839852,1.295989281,0.361437457,0.715258126,0.53543262,0.258521078,1.490687286,0.085443116,7.479822222,0.21709408
Enrichment experiment,2022-07-26,Chlorella,sample,14,1,ChlorellaRep112July_processed_abs_coefficients,ChlorellaRep112July,-0.03627484,0.017197185,-0.098832795,-0.174002821,64.81950718,1415.117706,38.79054131,7.312124044,1.19218982,0.045550039,0.58101,0.44919,1.293461564,2.97742184,0.748580855,1.125254582,NaN,NaN,1.061352523,NaN,1.125254582,1.542694662,0.984046667,NaN
Enrichment experiment,2022-07-26,Chlorella,sample,14,2,ChlorellaRep212July_processed_abs_coefficients,ChlorellaRep212July,-0.034634232,0.013785953,-0.037488798,-0.367735278,53.67442604,1019.274469,46.20100348,9.391705048,1.662155528,0.073610648,0.94385,0.26535,3.557000188,1.831503848,0.646830782,0.766757768,NaN,2.138642216,0.717595284,NaN,0.801639221,0.784172689,0.762971111,NaN
Enrichment experiment,2022-07-26,Chlorella,sample,14,3,ChlorellaRep312July_processed_abs_coefficients,ChlorellaRep312July,-0.024498214,0.011414811,-0.021299537,-0.535918254,16.73152499,134.2418326,38.78942409,12.56895354,3.692556533,0.407171724,0.8082,0.60155,1.343529216,2.325438166,0.699287748,0.432037893,NaN,0.305997754,0.982052411,NaN,0.507616126,0.293819611,1.361731111,NaN
Enrichment experiment,2022-07-26,Chlorella,sample,14,4,ChlorellaRep412July_processed_abs_coefficients,ChlorellaRep412July,-0.028033434,0.011503868,-0.022870256,-0.503005664,25.12453555,272.2407402,46.27297235,12.74348407,3.137255586,0.251663944,0.64432,0.74134,0.869128875,2.73599661,0.732333804,1.094266939,2.584932074,0.874065599,1.146599426,2.259400201,1.094266939,0.395514721,0.905804444,NaN
Enrichment experiment,2022-07-26,Chlorella,sample,14,5,ChlorellaRep512July_processed_abs_coefficients,ChlorellaRep512July,-0.00892026,0.009811374,-0.016989728,-0.577488608,2.789409357,5.953932667,8.106494908,5.378091823,3.442922391,1.542643131,0.68794,0.54768,1.256098452,1.925092877,0.658130513,0.557630393,2.832548483,0.616910976,0.994333461,1.74743025,0.799926104,0.295053348,1.605632222,NaN
Enrichment experiment,2022-07-26,Chlorella,sample,14,6,ChlorellaRep612July_processed_abs_coefficients,ChlorellaRep612July,-0.007428495,0.011472246,-0.014837132,-0.773211806,2.34967477,4.418052536,10.43245839,7.412821793,5.113000564,2.620124611,0.67844,0.34437,1.97009031,2.588582257,0.72133842,0.991993932,NaN,0.50384216,1.263515343,NaN,1.104946963,0.161044734,NaN,NaN
Enrichment experiment,2022-07-26,Chlorella,sample,14,7,ChlorellaRep712July_processed_abs_coefficients,ChlorellaRep712July,-0.027612244,0.013671436,-0.024819585,-0.550832569,23.93658465,250.2470782,38.42811671,10.79006914,2.712888681,0.226029912,0.80729,0.57961,1.392815859,2.425523695,0.708073834,0.88851858,1.095892914,0.422544606,0.956226415,0.463063639,0.88851858,0.592524434,1.235316667,NaN
Enrichment experiment,2022-07-26,Chlorella,sample,14,8,ChlorellaRep812July_processed_abs_coefficients,ChlorellaRep812July,-0.02771874,0.012397656,-0.100189321,-0.12374229,24.23154065,255.6343313,38.5718695,10.77750611,2.695339544,0.222425642,0.96117,0.54044,1.7784953,1.283950685,0.562162175,1.260772573,2.154336771,0.709292468,0.70639044,1.528054845,1.429351082,0.656338115,3.680522222,NaN
Enrichment experiment,2022-07-26,Chlorella,sample,14,9,ChlorellaRep912July_processed_abs_coefficients,ChlorellaRep912July,-0.030358106,0.012360555,-0.173410249,-0.071279265,32.8247304,433.3827251,39.423265,9.756007427,2.138229039,0.139143206,0.54906,0.34892,1.573598533,1.018068791,0.504476753,1.050399955,9.483243365,0.698903054,0.534703321,6.627867746,1.050399955,0.685746199,4.145611111,NaN
Enrichment experiment,2022-07-26,Chlorella,sample,14,10,ChlorellaRep1012July_processed_abs_coefficients,ChlorellaRep1012July,-0.026074243,0.014688205,-0.105280759,-0.139514621,20.05619195,183.9839594,31.5494495,9.508070533,2.581650243,0.247028136,0.51442,0.60742,0.846893418,1.920717556,0.657618383,0.776600393,2.876652258,0.60261324,1.116526791,1.733508739,0.990249338,0.364701888,1.573655556,NaN
Enrichment experiment,2022-07-26,ES,medium blank,14,1,ESMediumBlank12July_processed_abs_coefficients,ESMediumBlank12July,-0.025312401,0.005946221,-0.025154542,-0.236387582,18.37380596,157.9818426,49.10799082,15.32754203,4.32335325,0.443044647,2.0718,1.809,1.145273632,10.01190351,0.909189179,0.570751785,12.58081747,0.544463839,1.021779548,6.849800182,0.597160544,0.820249773,1.394833333,0.145272475
Enrichment experiment,2022-07-26,ES,sample,14,1,ESRep112July_processed_abs_coefficients,ESRep112July,-0.025583322,0.003277407,-0.022203165,-0.147609895,18.95527094,166.7781393,64.36692608,19.84132956,5.521231915,0.552170733,1.9158,1.9761,0.96948535,6.388910409,0.864662048,0.502801834,7.79998102,0.612253411,1.198897284,4.775564985,0.56839956,0.627621843,0.948098889,NaN
Enrichment experiment,2022-07-26,ES,sample,14,2,ESRep212July_processed_abs_coefficients,ESRep212July,-0.031234344,0.005538646,-0.027871227,-0.198722713,36.30478708,516.3934027,65.57773756,15.5872992,3.269833963,0.196645672,2.0668,1.7884,1.155669873,7.251911282,0.878815954,0.459208792,42.09067389,0.482306454,1.184530228,20.30060367,0.459940727,1.26082092,1.258528889,0.203811052
Enrichment experiment,2022-07-26,ES,sample,14,3,ESRep312July_processed_abs_coefficients,ESRep312July,-0.006650728,0.001301408,-0.013630599,-0.095476962,2.148637049,3.781593884,19.69287581,14.50253486,10.399805,5.71572726,2.4854,2.106,1.180151947,1.675794148,0.626279174,1.014104299,4.305752149,0.409679092,0.605132801,1.76397663,1.079680833,0.283221534,10.76618889,0.156368506
Enrichment experiment,2022-07-26,ES,sample,14,4,ESRep412July_processed_abs_coefficients,ESRep412July,-0.007103428,0.000991184,-0.012565266,-0.078882877,2.263459167,4.139958025,23.43569537,16.9031941,11.85003939,6.252758021,2.5421,2.1936,1.158871262,2.777288868,0.735259856,0.764295729,6.030165227,0.505668535,0.864312108,3.049264817,0.764295729,0.205921009,5.5444,NaN
Enrichment experiment,2022-07-26,ES,sample,14,5,ESRep512July_processed_abs_coefficients,ESRep512July,-0.023010534,0.000784032,-0.019909507,-0.039379764,14.10051652,99.69413346,79.63724286,27.63262906,8.744899171,1.10243625,2.6513,2.0435,1.297430878,9.136106307,0.901342787,0.557958003,20.93404594,0.430649559,1.42043215,9.015237662,0.557958003,0.451393825,1.57121,0.166956588
Enrichment experiment,2022-07-26,ES,sample,14,6,ESRep612July_processed_abs_coefficients,ESRep612July,-0.015200809,0.00313158,-0.01945428,-0.160971265,5.743639347,20.90862623,25.01934612,12.43372021,5.814598281,1.480380109,2.0196,1.8993,1.063339125,6.044477165,0.858044823,0.634721974,12.48277134,0.635277609,1.180227772,7.930025123,0.634721974,0.479897058,1.521634444,0.250192527
Enrichment experiment,2022-07-26,ES,sample,14,7,ESRep712July_processed_abs_coefficients,ESRep712July,-0.024593185,0.001921952,-0.020573482,-0.093418894,16.91526254,136.8160173,72.93439372,23.52994327,6.879971577,0.752185608,2.1734,1.7589,1.23565865,6.997491686,0.874960795,0.452321725,NaN,0.826462976,1.608814976,NaN,0.535249963,0.570073112,0.998268889,0.221362212
Enrichment experiment,2022-07-26,ES,sample,14,8,ESRep812July_processed_abs_coefficients,ESRep812July,-0.026773563,0.00092462,-0.037977091,-0.024346773,21.73577961,211.6031484,76.72186739,22.38974133,5.870411495,0.527452783,2.6944,2.3227,1.160029276,7.587177916,0.883547306,0.474092803,NaN,0.58302135,1.326198285,NaN,0.500488722,0.832504032,1.653511111,0.174561884
Enrichment experiment,2022-07-26,ES,sample,14,9,ESRep912July_processed_abs_coefficients,ESRep912July,-0.01068943,0.004413816,-0.027898922,-0.158207413,3.418782387,8.481488953,21.72149128,13.28437281,7.784362107,2.974476791,1.969,1.9035,1.034410297,6.448997307,0.865753744,0.517979918,NaN,0.413049271,1.174008372,NaN,0.517979918,0.316209576,1.684055556,NaN
Enrichment experiment,2022-07-26,ES,sample,14,10,ESRep1012July_processed_abs_coefficients,ESRep1012July,-0.026024403,0.003896887,-0.031957772,-0.12193864,19.94156706,182.1591234,66.31952816,20.03261822,5.452867972,0.52410954,2.3939,1.8007,1.329427445,5.682579403,0.850357184,0.517274285,5.91287611,0.452494519,1.061825778,2.675544033,0.517274285,0.712381056,1.145918889,NaN
Enrichment experiment,2022-07-26,SRFA,medium blank,14,1,SFRAMediumBlank12July_processed_abs_coefficients,SFRAMediumBlank12July,-0.017810997,-0.000195945,-0.018098095,0.010826855,7.754432488,35.24061767,68.67841006,30.26914995,12.42336791,2.500747058,3.4136,3.2888,1.037946972,14.21094075,0.934257847,0.405813586,17.97020349,0.544738545,1.510485001,9.7890625,0.416891168,0.413789598,1.273742222,0.156854936
Enrichment experiment,2022-07-26,SRFA,medium blank,14,1,SRFAMediumBlank12July_processed_abs_coefficients,SRFAMediumBlank12July,-0.024902317,-0.001097363,-0.021931659,0.050035556,17.52741983,145.5418221,89.49412254,28.46474637,8.195215282,0.871396584,2.5135,2.45,1.025918367,8.79813263,0.897939736,0.425659545,NaN,0.60581474,1.528659077,NaN,0.429807147,0.551625711,1.4473,NaN
Enrichment experiment,2022-07-26,SRFA,sample,14,1,SRFARep112July_processed_abs_coefficients,SRFARep112July,-0.023018308,-0.001704024,-0.020428835,0.083412686,14.11312803,99.84925695,97.44146387,33.79827126,10.69198345,1.346955044,2.9771,2.9249,1.017846764,8.35290286,0.893081323,0.458354495,7.42053701,0.560816097,1.554572871,4.161556604,0.497980097,0.447829994,1.232344444,NaN
Enrichment experiment,2022-07-26,SRFA,sample,14,2,SRFARep212July_processed_abs_coefficients,SRFARep212July,-0.019868096,-0.001892488,-0.019846929,0.095354189,9.824025788,53.17663586,84.75290659,33.98120723,12.58370675,2.104913253,3.1522,2.973,1.060275816,7.66604948,0.884607167,0.457252774,6.299922058,0.633320137,1.519396872,3.989867498,0.457252774,0.427519458,1.192534444,NaN
Enrichment experiment,2022-07-26,SRFA,sample,14,3,SRFARep312July_processed_abs_coefficients,SRFARep312July,-0.0087709,-0.001742816,-0.016591987,0.105039629,2.741906655,5.778707639,32.43204137,21.66472691,13.97318916,6.345585689,3.3523,3.1616,1.060317561,13.20036086,0.929579254,0.368951122,9.273391689,0.468832478,1.677674297,4.347667205,0.396311354,0.312554648,1.214228889,0.23383143
Enrichment experiment,2022-07-26,SRFA,sample,14,4,SRFARep412July_processed_abs_coefficients,SRFARep412July,-0.012353047,-0.001781755,-0.017911941,0.099473023,4.139605212,11.82965403,41.7813121,23.67001344,12.76308006,4.198731216,3.6204,3.5562,1.018052978,7.375728866,0.880607406,0.413168686,23.42739435,0.495613123,1.432385168,11.61092407,0.468200199,0.371084661,2.192455556,NaN
Enrichment experiment,2022-07-26,SRFA,sample,14,5,SRFARep512July_processed_abs_coefficients,SRFARep512July,-0.01936375,-0.001780802,-0.018539297,0.096055544,9.270443426,48.07440599,92.07897348,37.78507302,14.34966572,2.511773748,3.3639,3.3801,0.995207242,13.71338422,0.932034671,0.378850999,3.851759687,0.551997129,1.723102532,2.126160288,0.395265337,0.360262953,0.955587778,0.179461604
Enrichment experiment,2022-07-26,SRFA,sample,14,6,SRFARep612July_processed_abs_coefficients,SRFARep612July,-0.021964832,-0.001739665,-0.019383508,0.089749753,12.50283768,80.8799793,104.0851361,37.89529368,12.63644814,1.750235769,3.0533,3.0538,0.99983627,9.184940165,0.90181582,0.336390119,102.221231,0.535081595,1.56535614,54.69669938,0.336390119,0.395650371,1.15656,NaN
Enrichment experiment,2022-07-26,SRFA,sample,14,7,SRFARep712July_processed_abs_coefficients,SRFARep712July,-0.023299348,-0.001713942,-0.019478453,0.087991676,14.57670949,105.6223071,112.4188472,38.49242995,12.00705267,1.474844978,3.3219,3.1441,1.056550364,9.776300815,0.907203778,0.313081664,14.77563984,0.693960153,1.562328438,10.25370529,0.349219717,0.471928793,1.245452222,0.128274749
Enrichment experiment,2022-07-26,SRFA,sample,14,8,SRFARep812July_processed_abs_coefficients,SRFARep812July,-0.026284267,-0.000679076,-0.025721033,0.026401566,20.54650132,191.8767707,111.9786012,33.42257342,8.980164369,0.843187589,3.2341,3.0225,1.070008271,8.987917974,0.899879034,0.427060572,93.48890687,0.635146215,1.562352941,59.37912532,0.428506279,0.679761712,1.393908889,0.193436421
Enrichment experiment,2022-07-26,SRFA,sample,14,9,SRFARep912July_processed_abs_coefficients,SRFARep912July,-0.027052525,-0.000778822,-0.025476038,0.030570751,22.44438281,223.7445497,117.8986875,33.96768142,8.782694721,0.769554138,3.3306,3.4705,0.959688806,10.80724107,0.91530621,0.424959574,16.35935601,0.511345279,1.47794236,8.365279465,0.437168602,0.710990539,1.203157778,NaN
Enrichment experiment,2022-07-26,SRFA,sample,14,10,SRFARep1012July_processed_abs_coefficients,SRFARep1012July,-0.022697844,-0.000731594,-0.027226037,0.026871104,13.60247852,93.6504029,88.12933986,31.02225029,9.972312627,1.293053644,3.2158,2.8216,1.139707967,8.280885607,0.892251662,0.418805042,NaN,0.599296724,1.810516997,NaN,0.42260712,0.537726537,1.755545556,0.198438617
Enrichment experiment,2022-08-09,Chlorella,filter blank,14,1,ChlorellaFilterBlank26July_processed_abs_coefficients,ChlorellaFilterBlank26July,-0.014874344,-0.012689269,-0.379857556,0.033405335,5.532000494,19.58705132,0.26422896,0.133299196,0.063362932,0.016613043,NaN,0.012211,NaN,0.862153031,0.462987207,0.128464033,NaN,NaN,0.728614575,NaN,0.128464033,0.210512312,NaN,NaN
Enrichment experiment,2022-08-09,Chlorella,medium blank,28,1,ChlorellaMediumBlank26July_processed_abs_coefficients,ChlorellaMediumBlank26July,-0.027797704,0.016466827,-0.211742456,-0.077768186,24.45258508,259.7035439,13.95305677,3.884538675,0.967653743,0.079287539,0.73165,0.69743,1.049065856,1.148355268,0.534527639,1.651803787,NaN,0.739264863,0.902630522,NaN,1.843018829,0.678284722,2.118222222,NaN
Enrichment experiment,2022-08-09,Chlorella,sample,28,1,ChlorellaRep126July_processed_abs_coefficients,ChlorellaRep126July,-0.020668136,0.047284646,-0.095125559,-0.497076143,10.77076666,62.4038678,7.506390553,2.900898342,1.032118667,0.160651378,0.71598,0.24999,2.864034561,1.357374455,0.575799255,0.407298421,0.793745856,1.029185949,0.56421925,0.816912082,0.572139187,0.877720162,1.111795556,NaN
Enrichment experiment,2022-08-09,Chlorella,sample,28,2,ChlorellaRep226July_processed_abs_coefficients,ChlorellaRep226July,-0.018167844,0.021921766,-0.02492061,-0.879664117,8.079274603,37.84764865,6.412919457,2.780397169,1.120978058,0.21851417,0.4903,0.25813,1.89943052,2.337429514,0.700368204,1.195640447,NaN,0.854222157,0.927129209,NaN,1.202985075,0.572833281,0.887475556,NaN
Enrichment experiment,2022-08-09,Chlorella,sample,28,3,ChlorellaRep326July_processed_abs_coefficients,ChlorellaRep326July,-0.026557373,0.03779987,-0.161294425,-0.23435323,21.20205095,202.648843,8.358752369,2.463714104,0.652986613,0.05982317,0.39118,0.33962,1.151816736,1.48969856,0.59834495,0.567496741,NaN,NaN,1.012877565,NaN,1.188290048,1.495140575,0.775608889,NaN
Enrichment experiment,2022-08-09,Chlorella,sample,28,4,ChlorellaRep426July_processed_abs_coefficients,ChlorellaRep426July,-0.021991227,0.035464027,-0.091683986,-0.386807207,12.54084794,81.30808686,8.511815454,3.095219396,1.030761058,0.142428801,0.67724,0.18072,3.747454626,1.188178538,0.5429989,1.677412966,1.251922594,0.310739953,0.641917558,0.389022367,2.005208676,0.776261795,1.20106,NaN
Enrichment experiment,2022-08-09,Chlorella,sample,28,5,ChlorellaRep526July_processed_abs_coefficients,ChlorellaRep526July,-0.030680656,0.021468624,-0.025708378,-0.835082804,34.06516836,462.261682,16.39247992,3.996873881,0.861982543,0.054487755,0.51408,0.29835,1.723076923,2.232222052,0.690615315,1.130116001,2.26563268,1.038663646,0.913901526,2.353230299,1.243143362,1.013821801,1.0904,NaN
Enrichment experiment,2022-08-09,Chlorella,sample,28,6,ChlorellaRep626July_processed_abs_coefficients,ChlorellaRep626July,-0.017628842,0.029287271,-0.080076418,-0.365741527,7.593683749,33.9798729,10.88772481,4.839005693,2.004244477,0.410110518,0.3101,0.57636,0.538031786,1.367478156,0.577609619,0.844468945,NaN,NaN,1.57925286,0.359749395,1.479225946,0.423025676,0.980315556,NaN
Enrichment experiment,2022-08-09,Chlorella,sample,28,7,ChlorellaRep726July_processed_abs_coefficients,ChlorellaRep726July,-0.022754349,0.026547564,-0.159787968,-0.166142449,13.69115725,94.71476081,12.30679665,4.320847725,1.385047107,0.178680268,0.46998,0.2143,2.193093794,1.630763289,0.619882182,0.699004458,NaN,0.463810837,0.681443647,NaN,0.699004458,0.572755984,NaN,NaN
Enrichment experiment,2022-08-09,Chlorella,sample,28,8,ChlorellaRep826July_processed_abs_coefficients,ChlorellaRep826July,-0.029375001,0.028304197,-0.363602283,-0.077843836,29.31575451,356.0247029,10.89449493,2.820763469,0.649376604,0.046166886,0.504,0.13525,3.726432532,2.290850255,0.696127164,1.019241839,NaN,NaN,0.82303478,NaN,1.375938013,1.330236325,1.054495556,NaN
Enrichment experiment,2022-08-09,Chlorella,sample,28,9,ChlorellaRep926July_processed_abs_coefficients,ChlorellaRep926July,-0.033593615,0.030547438,-0.633203094,-0.048242717,47.6206112,827.7597163,11.34211253,2.418666368,0.450920411,0.021930219,0.42333,0.20265,2.088971132,1.092383632,0.52207617,0.436887689,1.16319756,0.976420032,0.806470695,1.135769398,0.436887689,1.536679752,0.997476667,NaN
Enrichment experiment,2022-08-09,Chlorella,sample,28,10,ChlorellaRep1026July_processed_abs_coefficients,ChlorellaRep1026July,-0.019159778,0.023428633,-0.11880666,-0.197199657,9.055519859,46.15270875,12.83311414,5.315776367,2.039470384,0.363604011,0.6411,0.045059,14.22801216,1.608275787,0.61660496,1.154762964,1.887413151,1.080050438,0.772380191,2.038501401,1.154762964,0.435478034,1.206081111,NaN
Enrichment experiment,2022-08-09,ES,filter blank,14,1,ESFilterBlank26July_processed_abs_coefficients,ESFilterBlank26July,-0.014034363,-0.013760455,-0.137669533,0.099952799,5.022619946,16.55805219,0.247145796,0.129592868,0.06424344,0.018166641,0.0061947,0.014629,0.423453414,0.829689889,0.453459296,0.680357493,NaN,NaN,NaN,1.330734077,NaN,0.025477738,NaN,NaN
Enrichment experiment,2022-08-09,ES,medium blank,28,1,ESMediumBlank26July_processed_abs_coefficients,ESMediumBlank26July,-0.027178954,0.001639441,-0.094580607,-0.0173338,22.77309365,229.4742551,37.83719032,10.83802296,2.784624081,0.241232762,1.9499,1.6478,1.183335356,3.887807272,0.795409282,0.589651273,3.421349106,0.451080469,1.196049185,1.54330376,0.620031063,1.075922986,2.190088889,0.162225786
Enrichment experiment,2022-08-09,ES,sample,28,1,ESRep1W226July_processed_abs_coefficients,ESRep1W226July,-0.025520439,0.00135472,-0.033168966,-0.040842989,18.81868836,164.6937548,51.10044282,15.79752035,4.409807592,0.44352176,1.9385,1.5298,1.267159106,6.229245631,0.861672981,0.491177117,12.07530528,0.530605288,1.204813504,6.407220839,0.512751917,0.751344624,1.725147778,0.19059211
Enrichment experiment,2022-08-09,ES,sample,28,2,ESRep2W226July_processed_abs_coefficients,ESRep2W226July,-0.032728838,0.000895261,-0.037299243,-0.024002133,43.11264833,696.2910059,71.12830449,15.78340046,3.072577737,0.161527706,2.017,1.2943,1.55837132,4.693830041,0.824371294,0.616583084,36.68747791,0.411507835,0.959676514,15.09718459,0.677072054,1.075529604,1.352772222,0.165697302
Enrichment experiment,2022-08-09,ES,sample,28,3,ESRep3W226July_processed_abs_coefficients,ESRep3W226July,-0.025750747,0.001729085,-0.043171243,-0.040051778,19.32376894,172.4572488,51.81661093,15.85010962,4.373830078,0.430878925,1.8106,1.4576,1.242178924,5.637095599,0.849331687,0.524244592,4.427562946,0.494871295,1.052683147,2.19107381,0.524244592,0.687131758,0.967437778,NaN
Enrichment experiment,2022-08-09,ES,sample,28,4,ESRep4W226July_processed_abs_coefficients,ESRep4W226July,-0.025918643,0.001407732,-0.046278749,-0.030418551,19.70049942,178.3465686,54.35063859,16.49733361,4.514374326,0.438054783,1.5597,1.4374,1.08508418,5.425173137,0.844362171,0.545580036,2.075803781,0.656522834,1.115580757,1.362812582,0.675978403,0.725674154,1.153255556,NaN
Enrichment experiment,2022-08-09,ES,sample,28,5,ESRep5W226July_processed_abs_coefficients,ESRep5W226July,-0.027850264,0.001158938,-0.041620575,-0.027845322,24.60083384,262.4479462,65.62929227,18.22710896,4.528527353,0.369307022,1.8024,1.4815,1.216604792,6.152335577,0.860185531,0.550948812,3.807872655,0.497650604,1.103510222,1.894990128,0.550948812,0.811526243,1.409797778,NaN
Enrichment experiment,2022-08-09,ES,sample,28,6,ESRep6W226July_processed_abs_coefficients,ESRep6W226July,-0.01969013,0.002138328,-0.04539013,-0.047109981,9.625010063,51.31719893,39.2343505,15.86010253,5.925708106,1.00721441,1.7821,1.3964,1.276210255,6.743360376,0.870857102,0.59972067,8.177204793,0.560274783,1.260980139,4.581481644,0.59972067,0.477880607,0.918534444,NaN
Enrichment experiment,2022-08-09,ES,sample,28,7,ESRep7W226July_processed_abs_coefficients,ESRep7W226July,-0.025403501,0.001879985,-0.046380949,-0.040533558,18.56731277,160.886681,57.29831476,17.80911046,5.00048587,0.508250908,1.9143,1.3207,1.44945862,5.494985552,0.846035069,0.470831444,22.10053158,0.547982031,1.353190374,12.11069418,0.482702984,0.642198675,0.603504444,0.190936109
Enrichment experiment,2022-08-09,ES,sample,28,8,ESRep8W226July_processed_abs_coefficients,ESRep8W226July,-0.026133647,0.001600014,-0.047322702,-0.033810698,20.19367524,186.182891,61.33510064,18.43414228,4.990430284,0.474968816,2.0011,1.3848,1.445046216,4.676749632,0.823842856,0.483225176,3.939358421,0.528415052,1.151874104,2.081616286,0.483225176,0.641434319,1.256696667,0.150691196
Enrichment experiment,2022-08-09,ES,sample,28,9,ESRep9W226July_processed_abs_coefficients,ESRep9W226July,-0.025092187,0.00193038,-0.04691446,-0.041146797,17.91434058,151.174903,58.5861115,18.472018,5.267983651,0.55065369,1.7373,1.5797,1.099765778,5.031080211,0.834192223,0.448493016,8.947380735,0.757805554,1.242337206,6.780374816,0.448493016,0.674284223,1.273498889,0.163857198
Enrichment experiment,2022-08-09,ES,sample,28,10,ESRep10W226July_processed_abs_coefficients,ESRep10W226July,-0.017373004,0.001353742,-0.040767104,-0.033206716,7.373521875,32.28493773,24.19365325,10.88006432,4.564376644,0.955721807,2.2198,1.4956,1.48422038,4.71972651,0.825166466,0.60779615,NaN,0.473690818,1.121868728,NaN,0.612904092,0.57519567,1.016358,0.222569965
Enrichment experiment,2022-08-09,SRFA,medium blank,28,1,SRFAMediumBlank26July_processed_abs_coefficients,SRFAMediumBlank26July,-0.01048188,-0.003320605,-0.023206265,0.143090903,3.338148111,8.13662921,22.69550627,14.01321012,8.297103408,3.230178085,2.6635,2.9276,0.909789589,12.02090446,0.92320042,0.286057742,7.350188679,0.470810373,1.737777403,3.460545073,0.311717683,0.43635948,NaN,0.187821614
Enrichment experiment,2022-08-09,SRFA,sample,28,1,SRFARep126July_processed_abs_coefficients,SRFARep126July,-0.022899257,-0.003567168,-0.025119164,0.142009805,13.9212244,97.49991409,90.27397003,31.48412069,10.0193722,1.275817648,2.9242,2.7432,1.065981336,7.809393977,0.886484814,0.347467335,5.068661501,0.602901645,1.314665824,3.055904355,0.397188804,0.496874106,NaN,0.166741735
Enrichment experiment,2022-08-09,SRFA,sample,28,2,SRFARep226July_processed_abs_coefficients,SRFARep226July,-0.021692013,-0.00396028,-0.020520568,0.19299077,12.116661,76.58509822,71.03263664,26.18814594,8.852556027,1.256619402,3.1647,2.8501,1.110382092,9.653378982,0.906133068,0.30901229,6.96009122,0.517213537,1.539015982,3.599853396,0.313030267,0.563731535,NaN,NaN
Enrichment experiment,2022-08-09,SRFA,sample,28,3,SRFARep326July_processed_abs_coefficients,SRFARep326July,-0.023869854,-0.003837642,-0.022810661,0.168238943,15.56513144,118.3884144,90.84042403,30.29828426,9.185244788,1.071769991,3.016,2.8988,1.040430523,10.86082908,0.915688862,0.336525544,6.405390031,0.482587507,1.281952226,3.091161203,0.36372122,0.576328083,1.362962222,NaN
Enrichment experiment,2022-08-09,SRFA,sample,28,4,SRFARep426July_processed_abs_coefficients,SRFARep426July,-0.01922989,-0.003739851,-0.020045753,0.186565734,9.128828459,46.80443823,63.6711987,26.28917804,10.05090686,1.780639822,3.2214,2.7433,1.174279153,9.533113155,0.905061307,0.423342957,NaN,0.453548636,1.537869436,NaN,0.423342957,0.448793647,0.763538889,0.199588856
Enrichment experiment,2022-08-09,SRFA,sample,28,5,SRFARep526July_processed_abs_coefficients,SRFARep526July,-0.017538502,-0.003550146,-0.02270535,0.156357239,7.515200619,33.37143786,53.27811051,23.77784999,9.893019226,2.040845553,2.9719,2.3345,1.273034911,9.497889362,0.904742757,0.507340267,22.65849958,0.528384831,1.491832513,11.97240748,0.586747319,0.463571824,1.005107778,0.16244824
Enrichment experiment,2022-08-09,SRFA,sample,28,6,SRFARep626July_processed_abs_coefficients,SRFARep626July,-0.019204237,-0.00328786,-0.027409499,0.11995329,9.101936727,46.56491384,62.32201093,25.76249576,9.862186985,1.751244445,2.8456,2.4374,1.167473537,9.199432075,0.901955325,0.461807349,11.71454219,0.592657611,1.719888408,6.942712584,0.558097113,0.439043367,0.596005222,0.157511306
Enrichment experiment,2022-08-09,SRFA,sample,28,7,SRFARep726July_processed_abs_coefficients,SRFARep726July,-0.021187783,-0.003212089,-0.026498311,0.121218627,11.43404255,69.23847363,80.12064217,30.2318344,10.48039445,1.556758552,2.627,2.7667,0.949506632,7.387859765,0.880780076,0.395766959,7.44790372,0.626121178,1.51359801,4.663290248,0.406849131,0.435156125,NaN,NaN
Enrichment experiment,2022-08-09,SRFA,sample,28,8,SRFARep826July_processed_abs_coefficients,SRFARep826July,-0.012208368,-0.003446564,-0.025821532,0.133476372,4.071299689,11.49225735,32.50049127,18.53517526,10.06689088,3.355157849,2.8199,2.422,1.164285714,10.01484459,0.909213426,0.4482862,23.66917676,0.57894485,1.682306329,13.703148,0.459461674,0.351092113,0.777624556,0.178984736
Enrichment experiment,2022-08-09,SRFA,sample,28,9,SRFARep926July_processed_abs_coefficients,SRFARep926July,-0.015090439,-0.003159702,-0.027024773,0.116918713,5.671198631,20.452146,48.39016205,24.1705834,11.36586287,2.922603594,3.1644,2.9022,1.090345255,10.95601552,0.916360095,0.358034893,4.106967868,0.584465654,1.892449071,2.40038166,0.388827704,0.345242288,NaN,NaN
Enrichment experiment,2022-08-09,SRFA,sample,28,10,SRFARep1026July_processed_abs_coefficients,SRFARep1026July,-0.014265274,-0.003433359,-0.022738102,0.150995828,5.157781206,17.34067264,42.93235572,22.2740686,10.91523444,3.023106139,3.0276,2.6048,1.162315725,9.203618771,0.901995554,0.344202644,7.571895425,0.485902982,1.858958605,3.679206566,0.344202644,0.417930757,0.939346667,NaN
Enrichment experiment,2022-08-23,Chlorella,medium blank,42,1,ChlorellaMediumBlank9Aug_processed_abs_coefficients,ChlorellaMediumBlank9Aug,-0.017823551,-0.008354748,-0.004321978,1.933084488,7.765636378,35.32921615,7.687173164,3.386069312,1.388872386,0.279255697,0.50282,0.39582,1.270324895,1.584519506,0.613080885,1.29987021,1.445288087,0.850924648,0.377960768,1.229831257,1.475467589,0.533674649,2.538477778,0.107991407
Enrichment experiment,2022-08-23,Chlorella,sample,42,1,ChlorellaRep19August_processed_abs_coefficients,ChlorellaRep19August,-0.017432223,0.023934451,-0.121137579,-0.19758073,7.423908335,32.66958771,13.52467972,6.06560254,2.53710263,0.528412876,0.54939,0.32661,1.682097915,1.279340807,0.561276665,1.339409034,0.461014199,1.321512378,1.014159013,0.60923597,2.20177169,0.338101427,1.18612,NaN
Enrichment experiment,2022-08-23,Chlorella,sample,42,2,ChlorellaRep29August_processed_abs_coefficients,ChlorellaRep29August,-0.023361101,0.025991125,-0.093538514,-0.277865486,14.6805961,106.9348985,11.00994054,3.759131318,1.168981483,0.142791999,0.30833,NaN,NaN,1.08816404,0.52111042,1.188250848,1.282238937,0.279928126,0.439641434,0.358934743,1.188250848,0.590992787,1.348402222,NaN
Enrichment experiment,2022-08-23,Chlorella,sample,42,3,ChlorellaRep39Aug_processed_abs_coefficients,ChlorellaRep39Aug,-0.029134801,0.024364915,-0.017414488,-1.399117525,28.5170502,339.3256548,15.67548967,4.103734697,0.956147959,0.069462049,0.49027,0.2693,1.82053472,2.545475098,0.717950353,1.094968133,2.815398453,0.990326373,0.835096983,2.788163339,1.199922825,0.871654311,0.753456667,NaN
Enrichment experiment,2022-08-23,Chlorella,sample,42,4,ChlorellaRep49August_processed_abs_coefficients,ChlorellaRep49August,-0.016727692,0.023291801,-0.11030085,-0.21116611,6.846137165,28.3758489,15.49885453,7.179949068,3.110886368,0.690330656,0.50407,0.31563,1.597028166,1.508766052,0.601397668,0.982189008,0.993751845,1.049111342,0.71462455,1.042556332,1.036726466,0.225919033,0.950485556,NaN
Enrichment experiment,2022-08-23,Chlorella,sample,42,5,ChlorellaRep59August_processed_abs_coefficients,ChlorellaRep59August,-0.0090101,0.019944657,-0.01034953,-1.927107455,2.818377764,6.061879665,4.056703344,2.680239285,1.708133227,0.759186455,0.74988,0.43892,1.708466235,1.830433204,0.646697192,1.197766357,1.475165787,0.809009174,0.75960031,1.193422655,1.255607704,0.530612523,1.844933333,0.171654129
Enrichment experiment,2022-08-23,Chlorella,sample,42,6,ChlorellaRep69August_processed_abs_coefficients,ChlorellaRep69August,-0.029100207,-0.001715824,-0.09320529,0.01840908,28.40382574,336.9860282,26.20493364,6.871195865,1.603722989,0.116870258,0.43401,0.28096,1.544739465,1.240225677,0.553616401,1.44579456,1.739716681,0.559772154,0.496570577,0.973844954,1.44579456,0.572275638,1.084175556,NaN
Enrichment experiment,2022-08-23,Chlorella,sample,42,7,ChlorellaRep79August_processed_abs_coefficients,ChlorellaRep79August,-0.034679634,-0.019499066,-0.107821852,0.180845216,53.95540641,1028.57207,47.5438948,9.644523354,1.703029172,0.075113234,0.2399,0.32598,0.73593472,1.23973314,0.553518238,0.727181366,NaN,NaN,0.914721254,2.918646989,0.727181366,0.642847248,1.377568889,NaN
Enrichment experiment,2022-08-23,Chlorella,sample,42,8,ChlorellaRep89Aug_processed_abs_coefficients,ChlorellaRep89Aug,-0.022867675,0.024010956,-0.017414386,-1.378800003,13.8707543,96.88599567,7.641486173,2.66893379,0.850692391,0.10863133,0.52991,0.28082,1.887009472,2.86296267,0.741131332,1.058508856,2.585735281,0.859101507,0.803698157,2.221409076,1.140922551,0.93070623,0.799713333,0.199287733
Enrichment experiment,2022-08-23,Chlorella,sample,42,9,ChlorellaRep99Aug_processed_abs_coefficients,ChlorellaRep99Aug,-0.023510106,0.025350834,-0.019230892,-1.31823493,14.93432357,110.1696165,8.110553692,2.750276013,0.848908382,0.102313513,0.47379,0.21094,2.246088935,2.586780951,0.721198475,1.17020254,7.68559315,0.932274202,0.957360251,7.165080223,1.225993008,0.799604211,0.629878889,NaN
Enrichment experiment,2022-08-23,Chlorella,sample,42,10,ChlorellaRep109August_processed_abs_coefficients,ChlorellaRep109August,-0.016495374,0.019945696,-0.092519977,-0.21558259,6.66565388,27.08756804,15.87785574,7.434551055,3.258834043,0.738440891,0.40104,0.1353,2.964079823,0.875135893,0.466705318,0.724906041,0.28982912,3.801301433,0.447623839,1.101727849,0.924220467,0.087833488,1.168165556,NaN
Enrichment experiment,2022-08-23,ES,filter blank,42,1,ESFilterBlank9August_processed_abs_coefficients,ESFilterBlank9August,-0.02206589,-0.008556163,-0.047884942,0.178681701,12.64899022,82.53133712,5.409287216,1.960278149,0.650373712,0.089265673,0.2288,0.064325,3.556937427,0.564217573,0.360702745,1.000135185,NaN,0.137874876,0.165390724,NaN,1.917348768,NaN,3.053655556,NaN
Enrichment experiment,2022-08-23,ES,medium blank,42,1,ESMediumBlank9August_processed_abs_coefficients,ESMediumBlank9August,-0.018614164,-0.001382334,-0.025246372,0.054753763,8.504784697,41.38145725,30.07442731,12.77415074,5.036520332,0.943122249,2.2255,2.0161,1.103863896,4.242511268,0.809251721,0.499592253,7.515607747,0.519191919,0.890027124,3.90204281,0.546742526,0.639793582,2.391555556,0.147209444
Enrichment experiment,2022-08-23,ES,sample,42,1,ESRep19August_processed_abs_coefficients,ESRep19August,-0.009833122,0.001628477,-0.036533923,-0.044574394,3.098162053,7.146512202,13.07270489,8.316178553,5.08628007,2.099219769,2.0617,1.4342,1.437526147,4.730485831,0.825494726,0.602503217,NaN,0.537038569,0.959301295,NaN,0.624082196,0.55535668,1.808744444,NaN
Enrichment experiment,2022-08-23,ES,sample,42,2,ESRep29August_processed_abs_coefficients,ESRep29August,-0.019352627,0.00237683,-0.036422359,-0.065257429,9.258593412,47.96758436,28.10999113,11.5409804,4.385364954,0.768385587,2.2216,1.6549,1.34243761,5.910591378,0.855294584,0.691850465,4.268234083,0.452588691,1.258628401,1.931754476,0.702638136,0.563550397,NaN,NaN
Enrichment experiment,2022-08-23,ES,sample,42,3,ESRep39August_processed_abs_coefficients,ESRep39August,-0.016543282,0.004896255,-0.029450546,-0.166253463,6.702478564,27.34835376,20.30043122,9.484426818,4.147422626,0.935748754,2.1493,1.7214,1.24857674,6.39799319,0.864828208,0.504083095,NaN,0.428497663,1.196849229,NaN,0.53513308,0.711489896,1.595695556,NaN
Enrichment experiment,2022-08-23,ES,sample,42,4,ESRep49August_processed_abs_coefficients,ESRep49August,-0.016861508,0.00219624,-0.040283635,-0.054519411,6.952305804,29.14552899,29.81970747,13.72940866,5.908930018,1.295541927,2.3074,1.5918,1.449553964,8.423602483,0.89388347,0.52457989,NaN,0.510061431,1.153986037,NaN,0.546591211,0.54592015,1.538895556,NaN
Enrichment experiment,2022-08-23,ES,sample,42,5,ESRep59August_processed_abs_coefficients,ESRep59August,-0.025830072,0.00230415,-0.042965811,-0.053627527,19.50085425,175.2151043,54.15987422,16.50654547,4.536942835,0.443768134,2.3653,1.8102,1.306651199,5.788787352,0.852698288,0.680996662,5.169658887,0.427976087,1.243907714,2.212490382,0.712973364,0.872015595,0.928833889,NaN
Enrichment experiment,2022-08-23,ES,sample,42,6,ESRep69August_processed_abs_coefficients,ESRep69August,-0.017125378,0.002123833,-0.041802139,-0.050806797,7.166508028,30.72496974,30.56273498,13.90174055,5.904679274,1.26422727,2.2504,1.5132,1.487179487,7.208112451,0.87816931,0.545595344,NaN,0.476627098,1.345971564,NaN,0.618943669,0.54457631,1.127226667,NaN
Enrichment experiment,2022-08-23,ES,sample,42,7,ESRep79August_processed_abs_coefficients,ESRep79August,-0.020142398,0.002386731,-0.042823533,-0.055734108,10.1388617,56.17543359,36.79518446,14.56784476,5.321189146,0.868385977,2.388,1.5993,1.493153255,5.922362641,0.855540651,0.586624631,2.460367856,0.510627568,1.151640852,1.256331655,0.586624631,0.60678891,1.496206667,NaN
Enrichment experiment,2022-08-23,ES,sample,42,8,ESRep89August_processed_abs_coefficients,ESRep89August,-0.016826747,0.001558169,-0.041816585,-0.037261976,6.924569928,28.94361049,29.11163304,13.42485013,5.787903343,1.27298285,2.1629,1.6361,1.321985209,6.05747475,0.858306259,0.525098301,2.814857008,0.460386575,1.077825334,1.295922376,0.583518589,0.491877345,1.491436667,NaN
Enrichment experiment,2022-08-23,ES,sample,42,9,ESRep99August_processed_abs_coefficients,ESRep99August,-0.024036769,0.001874353,-0.04611827,-0.040642318,15.86679336,122.4072792,50.47717079,16.70703332,5.022818989,0.577343482,1.9605,1.0567,1.855304249,5.49219294,0.845968841,0.596950414,18.08642606,0.623805845,1.201190087,11.28241829,0.639469081,0.589744408,0.879363556,0.158405957
Enrichment experiment,2022-08-23,ES,sample,42,10,ESRep109August_processed_abs_coefficients,ESRep109August,-0.012948093,0.000890595,-0.034583926,-0.025751694,4.432796498,13.32468752,22.20528751,12.24010894,6.406502867,1.997677416,2.4861,1.7578,1.414324724,4.950517601,0.831947392,0.455246099,NaN,0.505946649,1.289875265,NaN,0.558621583,0.428544702,NaN,NaN
Enrichment experiment,2022-08-23,SRFA,filter blank,42,1,SRFAFilterBlank9August_processed_abs_coefficients,SRFAFilterBlank9August,-0.004668273,-0.008456227,-0.128393255,0.065861928,1.710612306,2.543788675,0.491428784,0.396460527,0.313927742,0.206235409,NaN,0.12885,NaN,1.276434659,0.560716581,1.516590647,NaN,NaN,1.299141026,0.194336801,4.040259047,NaN,NaN,NaN
Enrichment experiment,2022-08-23,SRFA,medium blank,42,1,SRFAMediumBlank9August_processed_abs_coefficients,SRFAMediumBlank9August,-0.007429716,-0.00443116,-0.016714648,0.26510638,2.350004699,4.419131477,23.59783207,16.76658496,11.56406125,5.925278502,3.0747,3.0539,1.006810963,11.42948135,0.91954612,0.397031963,4.381229236,0.521033175,1.607139725,2.282765781,0.412867996,0.315492267,0.975355556,NaN
Enrichment experiment,2022-08-23,SRFA,sample,42,1,SRFARep19August_processed_abs_coefficients,SRFARep19August,-0.025645662,-0.002773336,-0.042058532,0.065939922,19.09165152,168.8705472,89.07458785,27.37892689,7.595002908,0.755316,3.2538,2.5659,1.268093067,10.0743028,0.909700862,0.430669812,5.543679982,0.459384154,1.679477612,2.546678737,0.455197714,0.635470264,0.901968889,0.177243431
Enrichment experiment,2022-08-23,SRFA,sample,42,2,SRFARep29August_processed_abs_coefficients,SRFARep29August,-0.016968628,-0.002864525,-0.032592251,0.087889754,7.038480253,29.77668466,52.63093929,24.11290651,10.32239507,2.241486477,2.8484,2.4837,1.14683738,9.555938717,0.905266597,0.412632034,NaN,0.578446928,1.741383458,NaN,0.441257542,0.424318676,NaN,0.138893825
Enrichment experiment,2022-08-23,SRFA,sample,42,3,SRFARep39August_processed_abs_coefficients,SRFARep39August,-0.024256524,-0.003303583,-0.04022837,0.082120733,16.27288557,127.9071744,78.23523299,25.63401016,7.622419137,0.858993977,2.8834,2.962,0.973463876,7.162969292,0.877495558,0.452032605,15.01246614,0.59593051,1.578186306,8.946386612,0.495844558,0.728376653,1.074788889,0.180913415
Enrichment experiment,2022-08-23,SRFA,sample,42,4,SRFARep49August_processed_abs_coefficients,SRFARep49August,-0.024316153,-0.003347919,-0.037069844,0.090313814,16.38485842,129.4417121,78.35101859,25.60162722,7.590126384,0.850776716,2.9557,2.7265,1.084063818,7.393410481,0.880858919,0.344353711,2.667619649,0.661461161,1.717465939,1.764526789,0.367270821,0.745483116,1.091021111,NaN
Enrichment experiment,2022-08-23,SRFA,sample,42,5,SRFARep59August_processed_abs_coefficients,SRFARep59August,-0.023268901,-0.003811003,-0.042021166,0.090692451,14.52575905,104.9810759,75.80890769,25.99349664,8.120578143,1.000200325,2.9791,2.6144,1.139496634,7.759297226,0.88583559,0.379045065,4.418468323,0.548376888,1.416939238,2.422985909,0.379045065,0.594246703,1.386065556,NaN
Enrichment experiment,2022-08-23,SRFA,sample,42,6,SRFARep69August_processed_abs_coefficients,SRFARep69August,-0.024867706,-0.003220269,-0.043416062,0.074172286,17.45779487,144.5378336,76.9965587,24.52875812,7.074246286,0.754550797,2.4852,2.5472,0.975659548,7.309585864,0.879657059,0.446822424,5.264274613,0.560521654,1.322070845,2.950739915,0.517725937,0.613767871,NaN,NaN
Enrichment experiment,2022-08-23,SRFA,sample,42,7,SRFARep79August_processed_abs_coefficients,SRFARep79August,-0.022701978,-0.003358871,-0.044653741,0.075220367,13.60894697,93.72786694,76.99490711,27.09768504,8.70893416,1.128818393,2.6928,2.5025,1.076043956,6.682142903,0.869827988,0.435099846,6.347225741,0.472038719,1.541617781,2.996136306,0.462682794,0.541886846,1.001145556,0.180263283
Enrichment experiment,2022-08-23,SRFA,sample,42,8,SRFARep89August_processed_abs_coefficients,SRFARep89August,-0.023127532,-0.00271604,-0.043727231,0.06211323,14.29151723,102.054437,78.52944413,27.10199048,8.526940168,1.063699279,3.4102,2.8681,1.189010146,11.87446896,0.922326893,0.407522212,NaN,0.514720605,1.541799266,NaN,0.418906652,0.588783573,1.362402222,0.178408384
Enrichment experiment,2022-08-23,SRFA,sample,42,9,SRFARep99August_processed_abs_coefficients,SRFARep99August,-0.022677286,-0.003044512,-0.048260349,0.063085153,13.57035887,93.26615156,73.89826412,26.03740533,8.378508018,1.088405842,2.4555,2.711,0.905754334,7.985148114,0.888705229,0.381753418,NaN,0.858587689,1.567920032,NaN,0.381753418,0.548834415,1.250432222,0.175998854
Enrichment experiment,2022-08-23,SRFA,sample,42,10,SRFARep109August_processed_abs_coefficients,SRFARep109August,-0.023372551,-0.003054321,-0.045316366,0.067399955,14.69993864,107.180049,80.6909263,27.53585032,8.557955116,1.044284246,2.9531,2.9739,0.993005817,8.258243389,0.89198815,0.474926199,31.69531586,0.573475245,1.845001818,18.17647901,0.474926199,0.508709487,1.257083333,NaN
Enrichment experiment,2022-08-23,Chlorella,filter blank,42,1,ChlorellaFilterBlank23Aug_processed_abs_coefficients,ChlorellaFilterBlank23Aug,-0.030284264,-0.029577854,-0.057071984,0.518255237,32.54716878,427.0293911,0.142400284,0.035359456,0.007778415,0.000509548,0.014945,0.033088,0.451674323,0.841424123,0.456942055,1.361641793,NaN,0.062864304,0.350683071,NaN,1.361641793,2.634825194,NaN,NaN
Enrichment experiment,2022-08-23,ES,filter blank,42,1,ESFilterBlank23August_processed_abs_coefficients,ESFilterBlank23August,-0.004507484,-0.005267162,-0.038377474,0.137246184,1.679272586,2.463287637,0.506884275,0.411965017,0.328837666,0.219179408,NaN,0.1476,NaN,0.651843561,0.394615795,0.231991614,NaN,NaN,NaN,NaN,0.509399063,0.083017734,NaN,NaN